contact_id,first_name,last_name,email
4661,Cecilia,Velasco,Cecilia Velasco
3765,Mariana,Ellis,Mariana Ellis
4187,Sofie,Woods,Sofie Woods
4941,Jeanette,Iannotti,Jeanette Iannotti
2199,Samuel,Sorgatz,Samuel Sorgatz
5650,Socorro,Luna,Socorro Luna
5889,Carolina,Murray,Carolina Murray
4842,Kayla,Moon,Kayla Moon
3280,Ariadna,Geisel,Ariadna Geisel
5468,Danielle,Ladeck,Danielle Ladeck
3064,Tatiana,Thompson,Tatiana Thompson
4904,Caleb,Benavides,Caleb Benavides
1299,Sandra,Hardy,Sandra Hardy
5602,Lotti,Morris,Lotti Morris
5753,Reinhilde,White,Reinhilde White
4495,Kerry,Patel,Kerry Patel
4269,Sophie,Antoine,Sophie Antoine
2226,Martha,Girard,Martha Girard
1558,Stephanie,King,Stephanie King
2307,Amanda,Palmer,Amanda Palmer
2900,Lina,Alcala,Lina Alcala
5695,Itzel,Murphy,Itzel Murphy
5708,Filippo,Parry,Filippo Parry
1663,Katelyn,Cole,Katelyn Cole
3605,Brian,Novak,Brian Novak
4678,Cilly,Gay,Cilly Gay
2251,Yolanda,Snyder,Yolanda Snyder
6202,Evelin,Odonnell,Evelin Odonnell
3715,Ingeborg,Alba,Ingeborg Alba
4242,Marina,Madrid,Marina Madrid
4326,Sheila,Goodwin,Sheila Goodwin
5560,Valeria,Rich,Valeria Rich
4002,Dustin,Camacho,Dustin Camacho
3813,Amalia,Marenzio,Amalia Marenzio
5336,Gian,Long,Gian Long
4994,Stewart,Hunt,Stewart Hunt
1471,Greca,Ruiz,Greca Ruiz
4482,Gerald,Olivera,Gerald Olivera
3241,Jaqueline,Wallace,Jaqueline Wallace
3477,John,Lane,John Lane
2265,Pero,Joly,Pero Joly
5911,Chad,Turner,Chad Turner
2288,Adam,Zavala,Adam Zavala
4064,Tyler,Rivera,Tyler Rivera
1294,Jens,Graham,Jens Graham
5008,Virginia,Caetani,Virginia Caetani
3604,Martino,Wagner,Martino Wagner
3263,Martin,Meyer,Martin Meyer
5631,Marguerite,Walls,Marguerite Walls
2851,Peter,Vogt,Peter Vogt
3714,Nicholas,Christian,Nicholas Christian
1664,Susi,Steinberg,Susi Steinberg
5027,Tammy,Ramazzotti,Tammy Ramazzotti
3070,Abdul,Thomas,Abdul Thomas
4248,Justin,Luxardo,Justin Luxardo
2034,Antonio,Gibson,Antonio Gibson
4085,Jeremy,Gomez,Jeremy Gomez
3569,Raymond,Solorzano,Raymond Solorzano
3889,Flora,Harris,Flora Harris
3136,Cheryl,Boyd,Cheryl Boyd
2103,Rhys,Leiva,Rhys Leiva
2329,Mariano,Prieto,Mariano Prieto
3325,Laurie,Fibonacci,Laurie Fibonacci
3131,David,Rudolph,David Rudolph
4995,Bryan,Ross,Bryan Ross
3631,Ubaldo,Brown,Ubaldo Brown
5373,Clelia,Faulkner,Clelia Faulkner
3126,Sara,Erickson,Sara Erickson
2194,Rupert,Valle,Rupert Valle
2906,Puccio,Kitzmann,Puccio Kitzmann
2611,Thomas,Hutchinson,Thomas Hutchinson
2374,Abelardo,Castro,Abelardo Castro
3254,Greco,Walker,Greco Walker
3571,Miranda,Lacombe,Miranda Lacombe
2812,Diana,Schuchhardt,Diana Schuchhardt
3961,Stacey,Knox,Stacey Knox
3872,Glen,Faivre,Glen Faivre
4736,Andrew,Torres,Andrew Torres
5119,Denny,Fritz,Denny Fritz
5725,Martyn,Caldera,Martyn Caldera
4037,Abigail,Foster,Abigail Foster
2109,Anthony,Hauffer,Anthony Hauffer
3283,Roger,Gerlach,Roger Gerlach
6181,Christopher,Poirier,Christopher Poirier
3251,Branka,Traore,Branka Traore
3443,Briana,Etienne,Briana Etienne
2988,Brandon,Olson,Brandon Olson
1673,Celia,Ungaretti,Celia Ungaretti
2085,Barbara,Guibert,Barbara Guibert
1672,Daniela,Bell,Daniela Bell
4426,Phyllis,Gurule,Phyllis Gurule
3211,Alejandra,Joseph,Alejandra Joseph
3190,Giulio,Bohlander,Giulio Bohlander
2081,Amber,Weller,Amber Weller
3185,Mary,Etzold,Mary Etzold
5044,Amy,Georges,Amy Georges
1883,Jennifer,Giraud,Jennifer Giraud
2067,Rosie,Peltier,Rosie Peltier
4604,Oreste,Ward,Oreste Ward
3203,Luis,Edwards,Luis Edwards
5758,Fiona,Griffiths,Fiona Griffiths
5755,Sally,Raya,Sally Raya
5150,Carolyn,Charpentier,Carolyn Charpentier
4181,Nathalie,Alvarez,Nathalie Alvarez
3006,Abril,Lowery,Abril Lowery
4865,Ottone,Sullivan,Ottone Sullivan
2862,Esmeralda,Sollima,Esmeralda Sollima
6070,Silvia,Gierschner,Silvia Gierschner
5300,Kyle,Cunningham,Kyle Cunningham
3486,Anel,Carpentier,Anel Carpentier
5989,Sarah,Davis,Sarah Davis
2849,Luke,Klein,Luke Klein
1612,Gudrun,Mueller,Gudrun Mueller
3307,Melissa,Canali,Melissa Canali
5288,Gabrielle,Ayala,Gabrielle Ayala
6026,Laura,Buckley,Laura Buckley
2212,Wilfrido,Lorch,Wilfrido Lorch
4591,Robert,Bruder,Robert Bruder
2771,Phillip,Soliz,Phillip Soliz
5682,Alex,Smith,Alex Smith
5368,Jessica,Martinez,Jessica Martinez
3706,Kelly,Carter,Kelly Carter
4034,Ahmad,Sosa,Ahmad Sosa
3209,Toralf,Iglesias,Toralf Iglesias
2384,Irene,Anichini,Irene Anichini
3074,Alicia,Cainero,Alicia Cainero
2031,Tracey,Laboy,Tracey Laboy
5873,Donald,Reynaud,Donald Reynaud
5501,Venancio,Stadelmann,Venancio Stadelmann
3489,Seth,Olivier,Seth Olivier
4210,Dennis,Boaga,Dennis Boaga
6151,Pedro,Wilson,Pedro Wilson
6047,Roland,Weihmann,Roland Weihmann
5445,Hector,Morrison,Hector Morrison
5493,Evangelos,Peters,Evangelos Peters
6036,Gerardo,Hamilton,Gerardo Hamilton
2368,Meta,Cuzzocrea,Meta Cuzzocrea
1501,Alma,Raymond,Alma Raymond
4351,Kathleen,Solimena,Kathleen Solimena
3096,Zacharie,Cordier,Zacharie Cordier
6162,Riza,Techer,Riza Techer
1433,Enrique,Guillen,Enrique Guillen
2720,Tristan,Weeks,Tristan Weeks
5251,Natalie,Lerma,Natalie Lerma
1797,Rodney,Hamon,Rodney Hamon
1656,Adalberto,Lombardo,Adalberto Lombardo
1346,Florencia,Querini,Florencia Querini
2989,Liam,Rolland,Liam Rolland
5629,Ian,Kelly,Ian Kelly
3456,Mehdi,Todd,Mehdi Todd
3229,Rembrandt,Liguori,Rembrandt Liguori
2277,Irmi,Schweitzer,Irmi Schweitzer
1276,Gioffre,Stein,Gioffre Stein
3694,Frida,Villarreal,Frida Villarreal
2260,Steffen,Mangold,Steffen Mangold
5374,Elias,Marin,Elias Marin
4420,Roman,Gonzalez,Roman Gonzalez
3849,Reina,Middleton,Reina Middleton
1638,Sandro,Moran,Sandro Moran
5230,Gebhard,Thanel,Gebhard Thanel
1763,Antonino,Bolander,Antonino Bolander
4323,Karl,Trevisani,Karl Trevisani
5256,Silvester,Brookes,Silvester Brookes
4836,Octavio,Pratt,Octavio Pratt
5981,Rebecca,Greer,Rebecca Greer
1463,Pierina,Gaggini,Pierina Gaggini
4577,Robin,Schleich,Robin Schleich
4951,Sergio,Abbott,Sergio Abbott
3567,Gilberto,Evans,Gilberto Evans
5475,James,Elliott,James Elliott
2114,Timoteo,Bolnbach,Timoteo Bolnbach
5216,Tonino,Stanley,Tonino Stanley
1665,Margaretha,Murialdo,Margaretha Murialdo
6051,Bianca,Drubin,Bianca Drubin
3983,Kaylee,Hoffmann,Kaylee Hoffmann
2966,Teresa,Vecellio,Teresa Vecellio
4478,Emine,Tacchini,Emine Tacchini
4238,Dawn,Cortez,Dawn Cortez
4404,Emily,Cundari,Emily Cundari
5666,Eleanor,Hall,Eleanor Hall
3691,Monique,Delgadillo,Monique Delgadillo
2703,Arnaude,Warner,Arnaude Warner
4253,Jason,Howell,Jason Howell
5652,Nicole,Mccullough,Nicole Mccullough
3279,Rosmarie,Esquibel,Rosmarie Esquibel
3233,Leonor,Ferreira,Leonor Ferreira
3017,Brett,Jones,Brett Jones
3482,Nino,Bien,Nino Bien
2166,Jemma,Tate,Jemma Tate
4146,Denis,Rogers,Denis Rogers
2651,Vanesa,Khan,Vanesa Khan
1409,Victoria,Ojeda,Victoria Ojeda
3717,Eugenio,Martin,Eugenio Martin
3963,Nancy,Hayes,Nancy Hayes
2152,Lara,Jacob,Lara Jacob
2974,Gino,Hernandez,Gino Hernandez
1268,Vicente,Tijerina,Vicente Tijerina
1822,Michele,Brambilla,Michele Brambilla
5066,Dana,Ritacca,Dana Ritacca
5075,Mitchell,Bachmann,Mitchell Bachmann
3855,Vincenza,Key,Vincenza Key
5923,Salvador,Gaillard,Salvador Gaillard
1867,Diane,Rogner,Diane Rogner
4376,Josette,Laine,Josette Laine
2785,Courtney,Fiebig,Courtney Fiebig
5884,Hugues,Oliver,Hugues Oliver
2441,Espartaco,Willis,Espartaco Willis
1243,Flavia,Yoder,Flavia Yoder
3411,Casey,Flores,Casey Flores
2467,Calogero,Cross,Calogero Cross
1850,Charles,Begum,Charles Begum
2604,Adina,Pollard,Adina Pollard
1693,Natasha,Lara,Natasha Lara
2969,Benita,Pottier,Benita Pottier
1544,Elizabeth,Valdivia,Elizabeth Valdivia
4149,Mattia,Huet,Mattia Huet
3463,Geza,Howard,Geza Howard
2939,Lauren,Guillaume,Lauren Guillaume
2202,Joanna,Baxter,Joanna Baxter
1728,Tracy,Metz,Tracy Metz
5362,Birgit,Pena,Birgit Pena
4840,Elvira,Papafava,Elvira Papafava
2955,Ernest,Delorme,Ernest Delorme
5354,Christy,Grossi,Christy Grossi
3847,Hermelinda,Olmos,Hermelinda Olmos
3025,Herbert,Fraser,Herbert Fraser
1615,Giancarlo,Heydrich,Giancarlo Heydrich
5154,Constance,Maldonado,Constance Maldonado
5005,Giampiero,Carlier,Giampiero Carlier
1349,Carlo,Jacquot,Carlo Jacquot
3670,Gabriel,Robles,Gabriel Robles
2912,Gerd,Gunpf,Gerd Gunpf
4336,Ashley,Hellwig,Ashley Hellwig
5576,Patrick,Rosas,Patrick Rosas
2736,Lilla,Leonard,Lilla Leonard
3321,Tony,Nicolas,Tony Nicolas
3353,Allegra,Benedetti,Allegra Benedetti
2336,Camille,Tafuri,Camille Tafuri
4369,Juan,Wheeler,Juan Wheeler
4464,Leopoldo,Johnson,Leopoldo Johnson
5626,Dietmar,Grenier,Dietmar Grenier
1669,Leonid,Scholl,Leonid Scholl
5544,Olivie,Contarini,Olivie Contarini
6078,Jeffery,Lacroix,Jeffery Lacroix
2580,Edeltraud,Chavez,Edeltraud Chavez
3592,Mesut,Morvan,Mesut Morvan
4914,Gregory,Jackson,Gregory Jackson
3848,Nicola,Rossi,Nicola Rossi
2619,Eddie,Collazo,Eddie Collazo
4605,Philippe,Gardner,Philippe Gardner
6147,Roy,Fox,Roy Fox
1383,Heiderose,Garcia,Heiderose Garcia
1757,Claudine,Rowley,Claudine Rowley
4390,Astrid,Roht,Astrid Roht
4165,Auguste,Burnett,Auguste Burnett
4529,Pellegrino,Allen,Pellegrino Allen
6084,Angela,Bowers,Angela Bowers
2916,Michael,Descamps,Michael Descamps
2005,Heidelore,Kennedy,Heidelore Kennedy
2261,Lucrezia,Koch,Lucrezia Koch
5342,Ivan,Accardo,Ivan Accardo
4087,Karen,Avogadro,Karen Avogadro
2761,Laetitia,Gallet,Laetitia Gallet
2908,Amico,Gosselin,Amico Gosselin
2155,Ilaria,Bowen,Ilaria Bowen
5642,Marlen,Coardi,Marlen Coardi
6217,Rafael,Alexander,Rafael Alexander
4222,Herma,Gabbana,Herma Gabbana
4798,Zachary,Vespucci,Zachary Vespucci
5660,Marisol,Richard,Marisol Richard
5000,Joseph,Glover,Joseph Glover
2809,Lauretta,Neal,Lauretta Neal
3349,Simone,Sauvage,Simone Sauvage
3647,Ramona,Brooks,Ramona Brooks
5745,Gioele,Schwital,Gioele Schwital
2583,Elena,Jimenez,Elena Jimenez
5441,Pam,Vargas,Pam Vargas
2090,Alison,Morales,Alison Morales
3386,Marc,Aumann,Marc Aumann
1816,Carla,Butler,Carla Butler
4718,Dionigi,Bruce,Dionigi Bruce
1677,Frank,Henry,Frank Henry
4218,Brent,Pons,Brent Pons
4548,Patricia,Liebelt,Patricia Liebelt
1431,Micheletto,Sykes,Micheletto Sykes
2830,Rose,Blanc,Rose Blanc
4400,Vincent,Singh,Vincent Singh
5773,Jamie,Peacock,Jamie Peacock
4161,Giorgia,Dijoux,Giorgia Dijoux
2062,Serena,Piacentini,Serena Piacentini
3458,Dimitri,Posada,Dimitri Posada
3174,Alexa,Barillaro,Alexa Barillaro
5565,Megan,Kuhl,Megan Kuhl
1906,Kaitlyn,Farinelli,Kaitlyn Farinelli
5479,Jonathan,Castellitto,Jonathan Castellitto
4320,Lisa,Terragni,Lisa Terragni
4213,Olivier,Petrucelli,Olivier Petrucelli
3373,Jos,Trobbiani,Jos Trobbiani
4184,Mirjam,Dawson,Mirjam Dawson
5472,Javier,Tessier,Javier Tessier
5559,Mirjana,Collins,Mirjana Collins
5419,Vanessa,Tschentscher,Vanessa Tschentscher
4171,Antonina,Cobb,Antonina Cobb
1302,Bernard,Durand,Bernard Durand
3520,Corey,Greggio,Corey Greggio
6010,Rodolfo,Couturier,Rodolfo Couturier
4617,Pierre,Cardenas,Pierre Cardenas
1417,Romeo,Surian,Romeo Surian
4770,Ivo,Moreno,Ivo Moreno
4328,Federico,Marie,Federico Marie
5171,Maggie,Boito,Maggie Boito
4394,Brianna,Hanson,Brianna Hanson
1794,Heiko,Bourgeois,Heiko Bourgeois
3510,Benito,Gritti,Benito Gritti
2487,Mitzy,Junk,Mitzy Junk
2215,Samantha,Lowe,Samantha Lowe
4136,Ernesto,Nerger,Ernesto Nerger
3723,Melinda,Canova,Melinda Canova
5842,Mohammad,Hartung,Mohammad Hartung
3289,Ben,Maillot,Ben Maillot
1249,Isabel,Pruschke,Isabel Pruschke
5409,Linda,Franceschi,Linda Franceschi
2951,Olivia,Striebitz,Olivia Striebitz
3432,Penny,Watson,Penny Watson
2297,Manfred,James,Manfred James
6161,Hazel,Pierce,Hazel Pierce
4603,Alf,Bates,Alf Bates
5818,Scott,Gough,Scott Gough
4270,Konrad,Briones,Konrad Briones
6007,Mathilde,Kruschwitz,Mathilde Kruschwitz
4084,Irma,Gemito,Irma Gemito
1340,Antoine,Guyon,Antoine Guyon
5675,William,Gibilisco,William Gibilisco
2010,Judith,Butte,Judith Butte
6201,Joanne,Henderson,Joanne Henderson
1791,Ludovica,Arellano,Ludovica Arellano
3314,Catherine,Gray,Catherine Gray
5852,Franco,Fioravanti,Franco Fioravanti
4618,Heather,Zimmer,Heather Zimmer
2618,Hortense,Taylor,Hortense Taylor
4967,Livia,Ernst,Livia Ernst
4594,Toby,Etzler,Toby Etzler
2080,Ennio,Leoncavallo,Ennio Leoncavallo
2793,Philippine,Vaca,Philippine Vaca
4890,Rhonda,Phillips,Rhonda Phillips
3528,Alphonse,Nitto,Alphonse Nitto
5810,Karina,Arreola,Karina Arreola
5720,Denise,Wood,Denise Wood
4593,Burghard,Rosenow,Burghard Rosenow
3186,Friedl,Powell,Friedl Powell
5136,Benjamin,Schultz,Benjamin Schultz
2646,Rachel,Ulibarri,Rachel Ulibarri
3460,Silvano,Blanchet,Silvano Blanchet
4345,Kurt,Sauer,Kurt Sauer
2690,Nayeli,Gehringer,Nayeli Gehringer
4025,Imelda,Guerin,Imelda Guerin
4524,Zbigniew,Holmes,Zbigniew Holmes
3978,Adela,Alfonsi,Adela Alfonsi
3910,Hilary,Clark,Hilary Clark
5825,Kornelius,Molina,Kornelius Molina
3564,Christian,Anderson,Christian Anderson
2396,Francisco,Dorsey,Francisco Dorsey
2140,Walli,Albert,Walli Albert
3079,Siegrun,Mota,Siegrun Mota
2017,Alberico,Herve,Alberico Herve
5444,Serafina,Bonnin,Serafina Bonnin
2216,Marcelle,Bender,Marcelle Bender
1241,Hartmuth,Robertson,Hartmuth Robertson
1484,Herlinde,George,Herlinde George
3475,Pamela,Payne,Pamela Payne
4333,Gastone,Beyer,Gastone Beyer
5657,Lydia,Berengario,Lydia Berengario
2527,Lucy,Davidson,Lucy Davidson
5967,Franck,Wade,Franck Wade
5698,Heidi,Barker,Heidi Barker
3331,Arnaldo,Ocasio,Arnaldo Ocasio
3841,Francis,Bernier,Francis Bernier
6105,Johanne,Strong,Johanne Strong
3895,Debra,Langlois,Debra Langlois
1891,Reingard,Kambs,Reingard Kambs
1281,Mauro,Ortiz,Mauro Ortiz
4186,Griselda,Carranza,Griselda Carranza
2511,Janet,Madrigal,Janet Madrigal
4272,Jenna,Day,Jenna Day
3533,Modesto,Wright,Modesto Wright
3618,Alice,Wall,Alice Wall
2177,Brenda,Sontag,Brenda Sontag
4102,Sergius,Mace,Sergius Mace
6089,Antonia,Kline,Antonia Kline
4701,Maurice,Gumprich,Maurice Gumprich
5645,Daniel,Anders,Daniel Anders
4499,Zaira,Cattaneo,Zaira Cattaneo
3365,Alessio,Bruneau,Alessio Bruneau
2290,Gerdi,Guerrero,Gerdi Guerrero
1890,Brigitte,Stiebitz,Brigitte Stiebitz
1304,June,Sinisi,June Sinisi
3799,Carl,Macias,Carl Macias
2749,Veronica,Trapp,Veronica Trapp
2028,Frances,Garnier,Frances Garnier
2383,Terri,Iannelli,Terri Iannelli
5721,Odette,Moore,Odette Moore
1394,Mercedes,Trujillo,Mercedes Trujillo
3451,Babette,Dumas,Babette Dumas
5512,Jerry,Santiago,Jerry Santiago
2453,Ronald,Simpson,Ronald Simpson
6055,Emmanuel,Dominguez,Emmanuel Dominguez
5704,Christiane,Ricciardi,Christiane Ricciardi
3707,Ingolf,Zamora,Ingolf Zamora
2205,Rita,Sharp,Rita Sharp
5976,Geraldine,Cabrera,Geraldine Cabrera
3290,Chantal,Armas,Chantal Armas
4257,Louis,Gilbert,Louis Gilbert
4588,Michelle,Collier,Michelle Collier
4785,Guillermina,Nicholson,Guillermina Nicholson
3033,Bertrand,Hopkins,Bertrand Hopkins
2779,Alonso,Palomo,Alonso Palomo
2131,Tina,Rodriguez,Tina Rodriguez
6229,Eva,Francis,Eva Francis
3429,Ottavio,Rust,Ottavio Rust
1613,Amelia,Olvera,Amelia Olvera
4734,Paul,Palladio,Paul Palladio
4439,Bernardo,Wieloch,Bernardo Wieloch
1441,Umberto,Hicks,Umberto Hicks
5799,Janko,Bishop,Janko Bishop
1419,Jessika,Meunier,Jessika Meunier
3059,Isaac,Benard,Isaac Benard
3224,Alexandrie,Lambert,Alexandrie Lambert
3181,Roberto,Guyot,Roberto Guyot
6061,Giulietta,Lucas,Giulietta Lucas
4466,Damaris,Pininfarina,Damaris Pininfarina
6081,Fabrizia,Renard,Fabrizia Renard
2159,Camillo,Dehmel,Camillo Dehmel
3324,Ruggero,Parpinel,Ruggero Parpinel
3176,Stephen,Pratesi,Stephen Pratesi
5874,Ludger,Naccari,Ludger Naccari
5110,Meryem,Tapia,Meryem Tapia
5490,Jasmine,Juvara,Jasmine Juvara
1922,Victoire,Travaglia,Victoire Travaglia
4398,Adrian,Noel,Adrian Noel
4754,Marvin,Howe,Marvin Howe
3309,Hanne,Kidd,Hanne Kidd
1244,Donatello,Millet,Donatello Millet
2892,Eloisa,Pascarella,Eloisa Pascarella
2777,Erica,Zambrano,Erica Zambrano
4952,Paula,Canales,Paula Canales
5144,Claudia,Bernard,Claudia Bernard
5487,Paulina,Miller,Paulina Miller
1932,Kathrin,Godfrey,Kathrin Godfrey
3364,Pina,Passalacqua,Pina Passalacqua
5165,Julien,Miles,Julien Miles
3858,Suzanne,Benigni,Suzanne Benigni
4666,Annalisa,Pugh,Annalisa Pugh
2896,Mathew,Maestas,Mathew Maestas
4520,Laszlo,Vallee,Laszlo Vallee
5726,Helen,Polanco,Helen Polanco
5661,Mateo,Sorrentino,Mateo Sorrentino
4765,Eric,Barnes,Eric Barnes
3710,Dragica,West,Dragica West
4925,Antje,Voisin,Antje Voisin
1533,Stanley,Mills,Stanley Mills
5264,Brandy,Meraz,Brandy Meraz
4606,Conor,Reinhardt,Conor Reinhardt
2043,Gabino,Blot,Gabino Blot
3871,Alvaro,Lemus,Alvaro Lemus
6205,Patrizia,Wilms,Patrizia Wilms
3193,Metin,Coulon,Metin Coulon
1810,Reece,Valencia,Reece Valencia
4797,Troy,Schmiedecke,Troy Schmiedecke
1487,Wendy,Bustos,Wendy Bustos
3474,Guglielmo,Caldwell,Guglielmo Caldwell
5771,Travis,Cowan,Travis Cowan
6074,Brandi,Abbagnale,Brandi Abbagnale
1568,Hanno,Gollum,Hanno Gollum
4263,Jutta,Burke,Jutta Burke
5850,Dorothe,Paz,Dorothe Paz
5619,Desiree,Huerta,Desiree Huerta
1904,Ilse,Bray,Ilse Bray
5388,Pierpaolo,Scaduto,Pierpaolo Scaduto
2150,Amedeo,Bradford,Amedeo Bradford
2653,Julia,Ali,Julia Ali
2687,Catalina,Pizzetti,Catalina Pizzetti
3779,Dylan,Porzio,Dylan Porzio
1494,Iris,Trincavelli,Iris Trincavelli
4129,Johnathan,Guidotti,Johnathan Guidotti
3035,Walburga,Vollbrecht,Walburga Vollbrecht
2069,Kendra,David,Kendra David
5469,Aleksandr,Weiss,Aleksandr Weiss
3903,Cornelio,Guardado,Cornelio Guardado
4083,Ferdi,Blackburn,Ferdi Blackburn
4003,Bill,Gallagher,Bill Gallagher
3565,Leonard,Harvey,Leonard Harvey
1640,Milan,Montenegro,Milan Montenegro
4769,Philip,Perez,Philip Perez
3398,Kathryn,Hentschel,Kathryn Hentschel
1865,Xavier,Samson,Xavier Samson
5690,Hartwig,Roberts,Hartwig Roberts
3814,Kimberly,Chan,Kimberly Chan
2942,Lorraine,Crawford,Lorraine Crawford
5095,Maximiliano,Knowles,Maximiliano Knowles
2878,Gabriella,Avila,Gabriella Avila
3697,Rico,Mortati,Rico Mortati
4744,Gail,Petrocelli,Gail Petrocelli
2104,Liberto,Niemeier,Liberto Niemeier
4883,Luciana,Petitjean,Luciana Petitjean
4807,Ron,Cavazos,Ron Cavazos
1372,Aldo,Cibin,Aldo Cibin
3666,Alexandre,Serrano,Alexandre Serrano
2066,Lori,Fagotto,Lori Fagotto
1834,Perla,Figueroa,Perla Figueroa
5853,Reginald,Hughes,Reginald Hughes
2219,Uriel,Holt,Uriel Holt
4148,Stefano,Lemonnier,Stefano Lemonnier
4477,Madeleine,Cooper,Madeleine Cooper
1786,Alban,Barbier,Alban Barbier
3455,Alfonso,Finetti,Alfonso Finetti
5707,Ryan,Kim,Ryan Kim
5470,Augustin,Wohlgemut,Augustin Wohlgemut
3274,Rolando,Bibi,Rolando Bibi
4613,Berthold,Randall,Berthold Randall
4465,Genaro,Briand,Genaro Briand
1652,Rudolf,Jenkins,Rudolf Jenkins
2100,Pauline,Ackermann,Pauline Ackermann
4321,Folker,Swanson,Folker Swanson
4168,Ashleigh,Montez,Ashleigh Montez
3733,Liliana,Barber,Liliana Barber
2594,Caridad,Carr,Caridad Carr
3909,Lolita,Borrego,Lolita Borrego
5179,Gunar,Patrick,Gunar Patrick
2228,Leokadia,Verdier,Leokadia Verdier
6222,Hanna,Reid,Hanna Reid
2354,Edelgard,Kreusel,Edelgard Kreusel
1725,Svenja,Perrin,Svenja Perrin
2960,Pierluigi,Taccola,Pierluigi Taccola
2077,Cilli,Watts,Cilli Watts
5662,Emiliano,Wells,Emiliano Wells
3481,April,Davids,April Davids
2565,Dolores,Didier,Dolores Didier
4436,Sylvia,Bonomo,Sylvia Bonomo
5072,Nelly,Marsh,Nelly Marsh
5200,Beth,Miniati,Beth Miniati
4502,Renee,Merino,Renee Merino
4945,Hailey,Russell,Hailey Russell
3012,Raphaela,Gotthard,Raphaela Gotthard
6094,Pomponio,Comencini,Pomponio Comencini
3815,Leone,Richardson,Leone Richardson
4838,Valentine,Acosta,Valentine Acosta
3469,Ricciotti,Laureano,Ricciotti Laureano
4874,Jacques,Heidrich,Jacques Heidrich
1792,Anne,Snow,Anne Snow
4356,Sonia,Volta,Sonia Volta
6196,Dale,Leblanc,Dale Leblanc
3578,Alejandro,Cruz,Alejandro Cruz
4491,Elsa,Cugia,Elsa Cugia
3054,Geronimo,Pechel,Geronimo Pechel
1968,Melania,Klemm,Melania Klemm
5869,Katherine,Cooley,Katherine Cooley
5858,Guillermo,Larsen,Guillermo Larsen
5203,Jill,Barrios,Jill Barrios
2577,Austin,Musatti,Austin Musatti
3216,Jacinto,Rose,Jacinto Rose
2037,Lucie,Redi,Lucie Redi
3867,Tania,Chapman,Tania Chapman
5109,Alexandria,Best,Alexandria Best
1376,Edward,Scott,Edward Scott
5260,Jake,Wiley,Jake Wiley
2350,Claudio,Reuter,Claudio Reuter
2269,Laure,Traetta,Laure Traetta
3650,Magarete,Valentin,Magarete Valentin
3934,Paige,Hill,Paige Hill
4048,Fulvio,Curiel,Fulvio Curiel
4266,Thibaut,Camarillo,Thibaut Camarillo
3863,Romana,Blanchard,Romana Blanchard
4922,Thibault,Savorgnan,Thibault Savorgnan
4517,Alexander,Pausini,Alexander Pausini
3259,Pierangelo,Scholtz,Pierangelo Scholtz
3123,Emmanuelle,Keller,Emmanuelle Keller
3870,Isabella,Deleon,Isabella Deleon
2996,Timothy,Weitzel,Timothy Weitzel
2993,Alfredo,Ingram,Alfredo Ingram
4556,Francesca,Kade,Francesca Kade
2326,Tonia,Coleman,Tonia Coleman
4109,Gottfried,Barbe,Gottfried Barbe
5739,Jeffrey,Trommler,Jeffrey Trommler
5887,Giacobbe,Owens,Giacobbe Owens
1651,Conchita,Pagliaro,Conchita Pagliaro
1628,Kevin,Delahaye,Kevin Delahaye
2642,Rouven,Ovadia,Rouven Ovadia
6020,Piermaria,Laporte,Piermaria Laporte
4747,Karolin,Johann,Karolin Johann
5534,Steven,Folliero,Steven Folliero
4790,Livio,Rosselli,Livio Rosselli
4632,Gaetano,Leonardi,Gaetano Leonardi
1952,Cynthia,Robinson,Cynthia Robinson
4388,Eleni,Aponte,Eleni Aponte
5529,Noelia,Romo,Noelia Romo
1316,Evelyn,Haynes,Evelyn Haynes
1670,Katharine,Zaccagnini,Katharine Zaccagnini
4909,Lea,Merle,Lea Merle
3401,Marta,Huynh,Marta Huynh
4619,Amador,Riley,Amador Riley
4722,Julie,Coles,Julie Coles
2188,Beverley,Telesio,Beverley Telesio
5497,Corinne,Mitschke,Corinne Mitschke
5711,Valerie,Ortega,Valerie Ortega
4076,Carlos,Delle,Carlos Delle
1847,Christina,Besnard,Christina Besnard
2816,Rosario,Jacques,Rosario Jacques
5019,Celal,Fischer,Celal Fischer
4869,Leonardo,Guzman,Leonardo Guzman
3613,Clinton,Mason,Clinton Mason
3069,Loretta,Mallet,Loretta Mallet
2601,Lorenzo,Roero,Lorenzo Roero
2133,Lando,Gutierrez,Lando Gutierrez
3164,Elaine,Patterson,Elaine Patterson
3897,Marcella,Govoni,Marcella Govoni
5663,Ettore,Amaldi,Ettore Amaldi
3879,Rufino,Gallegos,Rufino Gallegos
5900,Georges,Richards,Georges Richards
2272,Janice,Infantino,Janice Infantino
5436,Svetlana,Montanariello,Svetlana Montanariello
3676,Agnolo,Cedillo,Agnolo Cedillo
4676,Hannah,Jockel,Hannah Jockel
1563,Yvonne,Stout,Yvonne Stout
4349,Anouk,Pace,Anouk Pace
1658,Esteban,Valdez,Esteban Valdez
2552,Angelina,Davies,Angelina Davies
4847,Anastasie,Cadena,Anastasie Cadena
1553,Hansjoachim,Lettiere,Hansjoachim Lettiere
2632,Yeni,Tejada,Yeni Tejada
1908,Dulce,Adinolfi,Dulce Adinolfi
5801,Sean,Mielcarek,Sean Mielcarek
1935,Omar,Fonseca,Omar Fonseca
2609,Henry,Gucci,Henry Gucci
2740,Samira,Bottaro,Samira Bottaro
1907,Korinna,Arnold,Korinna Arnold
1831,Marcela,Ferrante,Marcela Ferrante
5177,Douglas,Amaya,Douglas Amaya
6179,Katherina,Barrientos,Katherina Barrientos
2917,Brittany,Tran,Brittany Tran
1486,Caroline,Reeves,Caroline Reeves
3735,Joe,Michaud,Joe Michaud
3838,Marco,Vittadello,Marco Vittadello
2430,Kim,Webb,Kim Webb
2480,Eugenia,Zichichi,Eugenia Zichichi
3431,Aurore,Rosemann,Aurore Rosemann
1742,Giustino,Luzi,Giustino Luzi
4628,Anita,Galindo,Anita Galindo
2385,Gunhild,Carrillo,Gunhild Carrillo
2213,Rosa,Paul,Rosa Paul
5188,Marliese,Oneal,Marliese Oneal
3418,Bethany,Hartmann,Bethany Hartmann
5637,Irina,Martineau,Irina Martineau
3530,Beatriz,Moulin,Beatriz Moulin
3731,Lucas,Austin,Lucas Austin
3219,Carole,Nohlmans,Carole Nohlmans
2392,Bozena,Schmitt,Bozena Schmitt
5103,Aimee,Foconi,Aimee Foconi
3992,Marzena,Carrero,Marzena Carrero
2442,Raisa,Poulain,Raisa Poulain
2913,Marcantonio,Bennett,Marcantonio Bennett
1631,Kenneth,Hurst,Kenneth Hurst
4073,Marisela,Mende,Marisela Mende
4568,Blanka,Villareal,Blanka Villareal
1830,Tomislav,Stoppani,Tomislav Stoppani
2623,Krystal,Ammaniti,Krystal Ammaniti
4327,Deanna,Aporti,Deanna Aporti
3713,Donatella,Burns,Donatella Burns
2389,Margrit,Hooper,Margrit Hooper
5141,Baccio,Marcacci,Baccio Marcacci
3522,Alfio,Roman,Alfio Roman
1334,Soledad,Soto,Soledad Soto
4721,Josh,Cimarosa,Josh Cimarosa
3768,Nath,Rico,Nath Rico
1639,Gary,Armani,Gary Armani
5149,Miriam,Oquendo,Miriam Oquendo
2153,Monica,Mohaupt,Monica Mohaupt
2767,Alec,Ho,Alec Ho
5124,Harry,Fouquet,Harry Fouquet
2097,Arcelia,Babati,Arcelia Babati
4796,Trinidad,Vespa,Trinidad Vespa
5849,Colette,Ryan,Colette Ryan
1495,Richard,Andre,Richard Andre
2462,Ellinor,Leclercq,Ellinor Leclercq
2280,Patricio,Guillon,Patricio Guillon
1877,Kirsten,Chindamo,Kirsten Chindamo
6108,Leo,Petruzzi,Leo Petruzzi
4427,Margot,Tomaselli,Margot Tomaselli
2881,Ansaldo,Marks,Ansaldo Marks
2339,Regina,Morin,Regina Morin
5156,Karla,Medici,Karla Medici
4750,Morgan,Irizarry,Morgan Irizarry
4852,Natividad,Wong,Natividad Wong
5734,Anna,Freeman,Anna Freeman
3801,Emilia,Vivaldi,Emilia Vivaldi
4474,Gerda,Cook,Gerda Cook
1992,Andrey,Faure,Andrey Faure
5796,Charlotte,Duke,Charlotte Duke
1373,Cindy,Castillo,Cindy Castillo
1879,Hiltrud,Thibault,Hiltrud Thibault
3072,Kasimir,Jaime,Kasimir Jaime
4561,Sabine,Lachmann,Sabine Lachmann
5201,Andrea,Arroyo,Andrea Arroyo
5871,Matthew,Velasquez,Matthew Velasquez
3041,Severino,Linares,Severino Linares
5864,Swantje,Lomeli,Swantje Lomeli
3999,Marcus,Espino,Marcus Espino
4849,Allen,Gates,Allen Gates
5461,Mauricio,Saunders,Mauricio Saunders
5946,Gilbert,Cornejo,Gilbert Cornejo
4508,Letizia,Gulotta,Letizia Gulotta
5096,Etta,Gutknecht,Etta Gutknecht
5443,Shelley,Perry,Shelley Perry
2165,Geoffrey,Williams,Geoffrey Williams
2125,Cory,Stewart,Cory Stewart
6141,Kristy,Bartlett,Kristy Bartlett
5245,Gianluca,Beck,Gianluca Beck
2190,Guido,Krein,Guido Krein
2243,Leif,Monnier,Leif Monnier
3336,Jonas,Badoer,Jonas Badoer
3305,Devin,Ebert,Devin Ebert
6191,Slobodan,Camiscione,Slobodan Camiscione
1326,Volkmar,Gauthier,Volkmar Gauthier
6159,Jordan,Rowe,Jordan Rowe
2003,Manon,Daugherty,Manon Daugherty
5881,Estela,Segovia,Estela Segovia
1918,Giada,Celentano,Giada Celentano
2157,Clayton,Salcedo,Clayton Salcedo
3149,Raven,Pinto,Raven Pinto
2444,Lewis,Lewis,Lewis Lewis
6207,Rochus,Rousseau,Rochus Rousseau
5580,Belinda,Gamez,Belinda Gamez
5942,Angelo,Lozano,Angelo Lozano
1592,Jorge,Monti,Jorge Monti
2344,Ricky,Harrell,Ricky Harrell
5995,Adriano,Wulf,Adriano Wulf
5022,Pompeo,Bourdon,Pompeo Bourdon
5991,Kristie,Garrett,Kristie Garrett
4020,Lodovico,Conley,Lodovico Conley
6028,Jean,Berthelot,Jean Berthelot
2790,Tadeusz,Medina,Tadeusz Medina
4033,Ruby,Carriera,Ruby Carriera
1261,Theres,Antonioni,Theres Antonioni
1979,Gloria,Morton,Gloria Morton
2122,Graziano,Jensen,Graziano Jensen
4506,Gianpaolo,Massey,Gianpaolo Massey
3016,Alain,Farmer,Alain Farmer
3272,Renato,Murillo,Renato Murillo
1375,Edda,Ferraris,Edda Ferraris
4014,Luce,Marty,Luce Marty
3199,Rotraud,Mitchell,Rotraud Mitchell
2184,Israel,Watkins,Israel Watkins
2170,Nathan,Jennings,Nathan Jennings
1478,Gavin,Proietti,Gavin Proietti
6163,Emma,Rios,Emma Rios
1889,Todd,Douglas,Todd Douglas
5912,Oscar,Holsten,Oscar Holsten
2537,Ann,Peron,Ann Peron
2118,Senta,Grassi,Senta Grassi
3234,Kata,Mena,Kata Mena
3842,Gianfranco,Hethur,Gianfranco Hethur
3032,Florentine,Saraceno,Florentine Saraceno
3238,Giuliano,Bolzmann,Giuliano Bolzmann
2059,Alwine,Kostolzin,Alwine Kostolzin
5238,Giacinto,Briggs,Giacinto Briggs
2578,Holly,Negrete,Holly Negrete
4789,Mark,Trapanese,Mark Trapanese
2357,Alyssa,Brun,Alyssa Brun
1235,Cristina,Chevalier,Cristina Chevalier
3558,Shannon,Lefevre,Shannon Lefevre
1707,Logan,Hornich,Logan Hornich
2842,Rosalia,Toro,Rosalia Toro
5318,Reiner,Poerio,Reiner Poerio
1620,Valentina,Pages,Valentina Pages
4998,Enrico,Fabre,Enrico Fabre
3111,Sevim,Begue,Sevim Begue
1424,Sonja,Patberg,Sonja Patberg
3244,Christine,Hiller,Christine Hiller
4643,Maik,Beasley,Maik Beasley
6132,Elliot,Santana,Elliot Santana
3790,Eloy,Renzi,Eloy Renzi
1312,Wolf,Lutz,Wolf Lutz
5686,Giuseppe,Lee,Giuseppe Lee
2111,Angelica,Cuellar,Angelica Cuellar
5685,Bekir,Normand,Bekir Normand
1905,Carmine,Gonzales,Carmine Gonzales
3271,Marianne,Hubert,Marianne Hubert
4178,Gonzalo,Montes,Gonzalo Montes
3275,Shelly,Guichard,Shelly Guichard
5713,Tobias,Carbajal,Tobias Carbajal
3339,Santiago,Berry,Santiago Berry
5585,Emilio,Davenport,Emilio Davenport
4407,Maurizio,Gute,Maurizio Gute
1941,Nadia,Travaglio,Nadia Travaglio
4690,Elisa,Barkholz,Elisa Barkholz
3607,Cristal,Mazzini,Cristal Mazzini
2670,Trevor,Granados,Trevor Granados
5261,Matthieu,Mcdonald,Matthieu Mcdonald
4121,Juliette,Preston,Juliette Preston
4620,Stanislaw,Montalvo,Stanislaw Montalvo
4630,Lilia,Lollobrigida,Lilia Lollobrigida
3440,Brigitta,Shaw,Brigitta Shaw
3572,Rebeca,Frey,Rebeca Frey
5306,Nicolas,Palacios,Nicolas Palacios
5122,Susanna,Bonneau,Susanna Bonneau
1368,Romina,Valentine,Romina Valentine
5370,Erika,Toussaint,Erika Toussaint
5636,Lothar,Laurent,Lothar Laurent
6033,Chelsea,Verdugo,Chelsea Verdugo
3599,Ria,Venier,Ria Venier
5566,Carly,Summers,Carly Summers
1873,Pasquale,Tomasini,Pasquale Tomasini
3904,Stefani,Ughi,Stefani Ughi
4453,Jose,Huang,Jose Huang
5481,Petros,Gaona,Petros Gaona
2987,Maximilian,Siering,Maximilian Siering
2431,Ermenegildo,Holzapfel,Ermenegildo Holzapfel
4158,Damien,Leger,Damien Leger
3753,Zeferino,Barrera,Zeferino Barrera
4391,Alfred,Pohl,Alfred Pohl
2026,Marissa,Gaito,Marissa Gaito
4547,Ariana,Houston,Ariana Houston
2798,Victor,Jacobs,Victor Jacobs
4732,Henriette,Lang,Henriette Lang
5126,Wilfriede,Baca,Wilfriede Baca
5151,Lucia,Riviere,Lucia Riviere
2134,Gordon,Vigorelli,Gordon Vigorelli
5786,Diethard,Salgado,Diethard Salgado
5515,Sue,Corrales,Sue Corrales
4530,Arthur,Salazar,Arthur Salazar
4088,Fortunata,Schneider,Fortunata Schneider
3667,Gretchen,Serna,Gretchen Serna
3286,Egon,Caron,Egon Caron
4804,Roberta,Finzi,Roberta Finzi
5768,Editha,Savage,Editha Savage
6098,Allan,Emanuelli,Allan Emanuelli
2508,Laurence,Lucero,Laurence Lucero
5779,Istvan,Draghi,Istvan Draghi
1717,Luigi,Bonnet,Luigi Bonnet
3368,Yuridia,Fantozzi,Yuridia Fantozzi
4265,Eraldo,Schmiedt,Eraldo Schmiedt
4455,Antoinette,Cox,Antoinette Cox
2940,Cameron,Ocampo,Cameron Ocampo
6144,Lynn,Lawson,Lynn Lawson
3657,Natalia,Seifert,Natalia Seifert
1537,Nuray,Anguillara,Nuray Anguillara
2116,Beate,Morgan,Beate Morgan
5102,Mario,Rees,Mario Rees
5815,Galasso,Junken,Galasso Junken
4250,Luca,Moses,Luca Moses
4533,Aurelio,Gertz,Aurelio Gertz
3329,Uberto,Steele,Uberto Steele
3606,Annie,Hunter,Annie Hunter
4749,Jo,Mccarty,Jo Mccarty
2222,Eitel,Lombard,Eitel Lombard
1939,Susan,Vigliotti,Susan Vigliotti
2456,Jacqueline,Germano,Jacqueline Germano
2794,Fidel,Ruppert,Fidel Ruppert
2648,Margaret,Eigenwillig,Margaret Eigenwillig
2545,Yvette,Harding,Yvette Harding
3273,Federigo,Karge,Federigo Karge
6155,Guenther,Armenta,Guenther Armenta
6064,Coriolano,Higgins,Coriolano Higgins
1729,Felix,Rubio,Felix Rubio
4969,Melanie,Leveque,Melanie Leveque
3402,Abbie,Galeati,Abbie Galeati
2810,Vittorio,Caccioppoli,Vittorio Caccioppoli
2217,Biagio,Valenzuela,Biagio Valenzuela
5140,Dario,Green,Dario Green
4497,Alwina,Textor,Alwina Textor
5100,Diether,Baeza,Diether Baeza
3390,Sole,Trevino,Sole Trevino
1926,Darren,Bernardi,Darren Bernardi
3264,Martina,Heser,Martina Heser
2573,Bethan,Giacometti,Bethan Giacometti
3628,Ethan,Duhamel,Ethan Duhamel
3826,Corrado,Warren,Corrado Warren
5983,Damian,Pulido,Damian Pulido
5678,Dino,Osborne,Dino Osborne
2093,Nicolaus,Bernetti,Nicolaus Bernetti
5333,Gianna,Carroll,Gianna Carroll
5139,Grit,Knight,Grit Knight
3173,Erin,Weinhold,Erin Weinhold
3333,Craig,Jordan,Craig Jordan
2262,Homero,Respighi,Homero Respighi
1531,Fanny,Pertile,Fanny Pertile
4881,Fridolin,Comboni,Fridolin Comboni
3928,Hugh,Cantu,Hugh Cantu
1803,Alphons,Simmons,Alphons Simmons
2321,Ludovico,Cafarchia,Ludovico Cafarchia
6234,Nico,Kaiser,Nico Kaiser
1422,Kirsty,Lamy,Kirsty Lamy
2660,Joshua,Scheibe,Joshua Scheibe
5361,Carin,Pineau,Carin Pineau
3420,Ellie,Galarza,Ellie Galarza
4337,Marion,Lira,Marion Lira
2338,Aurelia,Angiolello,Aurelia Angiolello
4140,Maura,Ravaglioli,Maura Ravaglioli
2373,Brunhilde,Fletcher,Brunhilde Fletcher
1344,Ottfried,Marques,Ottfried Marques
2141,Christelle,Blasi,Christelle Blasi
3415,Augusto,Vercelloni,Augusto Vercelloni
5696,Michela,Pruvost,Michela Pruvost
1798,Guarino,Escalante,Guarino Escalante
1657,Gabriela,Padilla,Gabriela Padilla
3651,Agathe,Dias,Agathe Dias
3574,Werner,Kallert,Werner Kallert
6063,Lore,Delaunay,Lore Delaunay
2404,Enzio,Campos,Enzio Campos
2705,Walther,Duarte,Walther Duarte
5059,Adelgunde,Trevisan,Adelgunde Trevisan
5466,Thierry,Schwartz,Thierry Schwartz
5821,Katie,Andersen,Katie Andersen
5385,Kathy,Zamorani,Kathy Zamorani
3506,Giuseppina,Tanguy,Giuseppina Tanguy
5427,Jack,Klapp,Jack Klapp
6142,Tom,Leconte,Tom Leconte
2873,Bonnie,Cignaroli,Bonnie Cignaroli
3916,Danny,Farrell,Danny Farrell
1687,Fiorenzo,Bauer,Fiorenzo Bauer
1542,Randy,Alfieri,Randy Alfieri
3087,Tim,Bradley,Tim Bradley
3857,Yves,Mendez,Yves Mendez
5921,Raffaella,Esquivel,Raffaella Esquivel
3144,Lawrence,Vasari,Lawrence Vasari
2676,Sam,Adams,Sam Adams
3646,Mirco,Nicolini,Mirco Nicolini
1321,Graham,Bajardi,Graham Bajardi
1399,Luc,Quinn,Luc Quinn
3169,Stella,Ullrich,Stella Ullrich
2058,Calcedonio,Remy,Calcedonio Remy
1300,Nanni,Almaraz,Nanni Almaraz
2075,Pascual,Corradi,Pascual Corradi
2984,Kristi,Grant,Kristi Grant
4768,Manuel,Gracia,Manuel Gracia
3682,Gionata,Hussain,Gionata Hussain
5901,Maria,Nguyen,Maria Nguyen
3540,Leon,Baker,Leon Baker
2225,Gianmarco,Alcaraz,Gianmarco Alcaraz
1485,Derrick,Little,Derrick Little
5343,Terry,Ramirez,Terry Ramirez
5594,Katarina,Clarke,Katarina Clarke
2482,Leila,Washington,Leila Washington
2706,Mirko,Townsend,Mirko Townsend
4861,Randall,Connolly,Randall Connolly
2961,Pia,Burgess,Pia Burgess
3043,Justine,Mancini,Justine Mancini
6103,Reynaldo,Wagenknecht,Reynaldo Wagenknecht
4708,Toni,Magrassi,Toni Magrassi
4395,Patrizio,Cisneros,Patrizio Cisneros
4912,Durante,Lindner,Durante Lindner
2030,Rosl,Lamborghini,Rosl Lamborghini
5235,Ugo,Harrison,Ugo Harrison
5001,Isidor,Carpenter,Isidor Carpenter
4093,Marie,Zoppetto,Marie Zoppetto
2576,Branko,Chambers,Branko Chambers
6122,Alan,Pineda,Alan Pineda
2813,Carmen,Oestrovsky,Carmen Oestrovsky
3737,Shane,Fernandez,Shane Fernandez
2803,Debbie,Guilbert,Debbie Guilbert
5508,Vito,Dossi,Vito Dossi
3850,Evan,Schacht,Evan Schacht
4220,Mandy,Weston,Mandy Weston
4532,Paulo,Zito,Paulo Zito
6013,Alberto,Girschner,Alberto Girschner
3396,Giacomo,Bouvet,Giacomo Bouvet
4401,Ehrentraud,Puga,Ehrentraud Puga
2981,Cristian,Hale,Cristian Hale
4467,Lilija,Charles,Lilija Charles
1377,Albert,Legendre,Albert Legendre
5036,Marisa,Renaud,Marisa Renaud
5761,Sharon,Diallo,Sharon Diallo
3699,Eduardo,Delattre,Eduardo Delattre
4519,Bernadette,Wang,Bernadette Wang
5395,Dina,Gibbons,Dina Gibbons
3057,Clara,Armstrong,Clara Armstrong
2741,Elliott,Herrmann,Elliott Herrmann
1675,Graziella,Vidal,Graziella Vidal
2712,Francisca,Becerra,Francisca Becerra
4527,Edeltrud,Boyer,Edeltrud Boyer
1722,Julian,Noble,Julian Noble
4330,Christophe,Bohnbach,Christophe Bohnbach
5219,Ippazio,Angulo,Ippazio Angulo
4997,Grace,Kroker,Grace Kroker
2239,Jared,Ferguson,Jared Ferguson
4587,Virginie,McLean,Virginie McLean
4113,Mason,Potter,Mason Potter
4762,Aaron,Anaya,Aaron Anaya
5242,Leah,Ornelas,Leah Ornelas
5765,Harald,Roy,Harald Roy
2185,Micaela,Martel,Micaela Martel
5500,Vincentio,Sanders,Vincentio Sanders
3494,Bettina,Norbiato,Bettina Norbiato
3924,Julio,Renner,Julio Renner
3521,Jelena,Stiffel,Jelena Stiffel
5262,Guadalupe,Munoz,Guadalupe Munoz
3684,Whitney,Noack,Whitney Noack
5784,Gelsomina,Migliaccio,Gelsomina Migliaccio
1498,Evangelista,Pereira,Evangelista Pereira
6073,Gareth,Comolli,Gareth Comolli
4939,Michelangelo,Hess,Michelangelo Hess
